AT,PV,XT,AC,TOTAL_AT,TOTAL_PV,TOTAL_EV,TOTAL_AC,EV,Day1,Day2
1.63333333333333,8829.0399169922,0.154978636795282,9077.0399169922,4.67916666666667,56969.3997802735,56969.3997802735,57822.3997802735,8829.0399169922,42440.3333333333,42489.3333333333
2.66666666666667,22470.189819336,0.394425602270723,21474.189819336,4.67916666666667,56969.3997802735,56969.3997802735,57822.3997802735,22470.189819336,42489.3333333333,42520.3333333333
3.83333333333333,37677.7095947266,0.661367501501623,38574.7095947266,4.67916666666667,56969.3997802735,56969.3997802735,57822.3997802735,37677.7095947266,42520.3333333333,42555.3333333333
4.67916666666667,56969.3997802735,1,57822.3997802735,4.67916666666667,56969.3997802735,56969.3997802735,57822.3997802735,56969.3997802735,42555.3333333333,42580.7083333333
