AT,PV,XT,AC,TOTAL_AT,TOTAL_PV,TOTAL_EV,TOTAL_AC,EV,Day1,Day2
1.18611111111337,12645,0.891933565603598,9645,7.48611111111338,12645,12645,11100,11278.4999370575,41526.3333333333,41561.9166666667
3.98611111111337,12645,0.934567025830597,10215,7.48611111111338,12645,12645,11100,11817.6000416279,41561.9166666667,41645.9166666667
5.61944444444671,12645,0.994306048464524,11010,7.48611111111338,12645,12645,11100,12572.9999828339,41645.9166666667,41694.9166666667
7.48611111111338,12645,1,11100,7.48611111111338,12645,12645,11100,12645,41694.9166666667,41750.9166666667
