AT,PV,XT,AC,TOTAL_AT,TOTAL_PV,TOTAL_EV,TOTAL_AC,EV,Day1,Day2
0.686111111113375,4215,0.164944707076132,1350,3.96666666666667,18990,18990,8010,3132.29998737574,41688.3333333333,41708.9166666667
1.61944444444671,11490,0.646420556692902,6045,3.96666666666667,18990,18990,8010,12275.5263715982,41708.9166666667,41736.9166666667
3.96666666666667,18990,1,8010,3.96666666666667,18990,18990,8010,18990,41736.9166666667,41807.3333333333
