AT,PV,XT,AC,TOTAL_AT,TOTAL_PV,TOTAL_EV,TOTAL_AC,EV,Day1,Day2
1.51388888889002,31908.2795257568,0.0843380083969865,6418.96997070313,4.54722222222335,85847.8889007568,85847.8889007568,75468.2986779213,7240.23997497559,40588.3333333333,40633.75
4.54722222222335,85847.8889007568,1,75468.2986779213,4.54722222222335,85847.8889007568,85847.8889007568,75468.2986779213,85847.8889007568,40633.75,40724.75
