AT,PV,XT,AC,TOTAL_AT,TOTAL_PV,TOTAL_EV,TOTAL_AC,EV,Day1,Day2
0.579166666666667,61225.8515625,0.155280827367986,29324.181640625,4.57777777778004,214417.7109375,214417.7109375,224789.670677185,33294.9595567246,41561.3333333333,41578.7083333333
1.56805555555669,111760.990234375,0.372110589308017,105692.271728516,4.57777777778004,214417.7109375,214417.7109375,224789.670677185,79787.1007750292,41578.7083333333,41608.375
2.61111111111337,214417.7109375,0.521087783865247,156594.451141357,4.57777777778004,214417.7109375,214417.7109375,224789.670677185,111730.449813881,41608.375,41639.6666666667
3.64444444444671,214417.7109375,0.888862830092062,194759.601211548,4.57777777778004,214417.7109375,214417.7109375,224789.670677185,190587.933365768,41639.6666666667,41670.6666666667
4.57777777778004,214417.7109375,1,224789.670677185,4.57777777778004,214417.7109375,214417.7109375,224789.670677185,214417.7109375,41670.6666666667,41698.6666666667
