AT,PV,XT,AC,TOTAL_AT,TOTAL_PV,TOTAL_EV,TOTAL_AC,EV,Day1,Day2
2.47916666666667,177181.118564233,0.128011387802257,155665.998305544,23.3458333333333,1121316.94224893,1121316.94224893,967988.790537551,143541.337943469,40553.3333333333,40627.7083333333
5.04583333333333,300186.397876367,0.182037153438063,280538.317056567,23.3458333333333,1121316.94224893,1121316.94224893,967988.790537551,204121.344268868,40627.7083333333,40704.7083333333
7.6125,442506.716739282,0.194861971555672,316002.797050327,23.3458333333333,1121316.94224893,1121316.94224893,967988.790537551,218502.030105404,40704.7083333333,40781.7083333333
10.1791666666667,717168.551555261,0.234017057393522,386758.917606086,23.3458333333333,1121316.94224893,1121316.94224893,967988.790537551,262407.291230596,40781.7083333333,40858.7083333333
12.7458333333333,981713.825542078,0.325620590952054,478487.076844841,23.3458333333333,1121316.94224893,1121316.94224893,967988.790537551,365123.885379647,40858.7083333333,40935.7083333333
15.3125,1069364.94353066,0.410107598324505,570971.796344087,23.3458333333333,1121316.94224893,1121316.94224893,967988.790537551,459860.598146286,40935.7083333333,41012.7083333333
17.8791666666667,1106449.34261666,0.503170561944878,714927.875808761,23.3458333333333,1121316.94224893,1121316.94224893,967988.790537551,564213.675949706,41012.7083333333,41089.7083333333
20.4458333333333,1121316.94224893,0.625294609973726,802496.753679156,23.3458333333333,1121316.94224893,1121316.94224893,967988.790537551,701153.440060476,41089.7083333333,41166.7083333333
23.3458333333333,1121316.94224893,1,967988.790537551,23.3458333333333,1121316.94224893,1121316.94224893,967988.790537551,1121316.94224893,41166.7083333333,41253.7083333333
