AT,PV,XT,AC,TOTAL_AT,TOTAL_PV,TOTAL_EV,TOTAL_AC,EV,Day1,Day2
1.78611111111337,3210,0.100353359517908,1185,5.5,12735,12735,9990,1278.00003346056,41606.3333333333,41659.9166666667
2.71944444444671,8835,0.451566548901747,4560,5.5,12735,12735,9990,5750.70000026375,41659.9166666667,41687.9166666667
4.11944444444671,11760,0.851601878872187,8790,5.5,12735,12735,9990,10845.1499274373,41687.9166666667,41729.9166666667
5.5,12735,1,9990,5.5,12735,12735,9990,12735,41729.9166666667,41771.3333333333
