AT,PV,XT,AC,TOTAL_AT,TOTAL_PV,TOTAL_EV,TOTAL_AC,EV,Day1,Day2
0.252777777780041,3120,0.82104477953555,2760,1.7,4020,4020,3240,3300.60001373291,41715.3333333333,41722.9166666667
1.7,4020,1,3240,1.7,4020,4020,3240,4020,41722.9166666667,41766.3333333333
