AT,PV,XT,AC,TOTAL_AT,TOTAL_PV,TOTAL_EV,TOTAL_AC,EV,Day1,Day2
1.98055555555669,47921.9204406739,0.188358349065394,62311.0009250641,6.08055555555669,247647.524488449,248203.924515724,198567.003689766,46751.2814533335,40665.3333333333,40724.75
3.01388888889002,133529.441963196,0.493894214275016,112260.002291203,6.08055555555669,247647.524488449,248203.924515724,198567.003689766,122586.482278669,40724.75,40755.75
4.04722222222335,220543.043823242,0.805339492826762,159035.002548218,6.08055555555669,247647.524488449,248203.924515724,198567.003689766,199888.422687105,40755.75,40786.75
5.04722222222335,247467.764479637,0.999995971054842,197309.003689766,6.08055555555669,247647.524488449,248203.924515724,198567.003689766,248202.924515724,40786.75,40816.75
6.08055555555669,247647.524488449,1,198567.003689766,6.08055555555669,247647.524488449,248203.924515724,198567.003689766,248203.924515724,40816.75,40847.75
