AT,PV,XT,AC,TOTAL_AT,TOTAL_PV,TOTAL_EV,TOTAL_AC,EV,Day1,Day2
1.4,8127.53027343751,0.158420951082082,8368.53027343751,4.21111111111337,51303.3801269532,51303.3801269532,53351.3801269532,8127.53027343751,42440.3333333333,42482.3333333333
2.66666666666667,20961.2701416016,0.408574836389566,20998.2701416016,4.21111111111337,51303.3801269532,51303.3801269532,53351.3801269532,20961.2701416016,42482.3333333333,42520.3333333333
3.83333333333333,34160.7100830078,0.665856908423483,36062.7100830078,4.21111111111337,51303.3801269532,51303.3801269532,53351.3801269532,34160.7100830078,42520.3333333333,42555.3333333333
4.21111111111337,51303.3801269532,1,53351.3801269532,4.21111111111337,51303.3801269532,51303.3801269532,53351.3801269532,51303.3801269532,42555.3333333333,42566.6666666667
