AT,PV,XT,AC,TOTAL_AT,TOTAL_PV,TOTAL_EV,TOTAL_AC,EV,Day1,Day2
1.7,167133,0.370725234222404,150373,1.6125,362476,362476,383871,134379,42450.3333333333,42501.3333333333
2.63333333333333,279072,0.488837881680442,195767,1.6125,362476,362476,383871,177192,42501.3333333333,42529.3333333333
4.24583333333333,362476,1,383871,1.6125,362476,362476,383871,362476,42529.3333333333,42577.7083333333
