AT,PV,XT,AC,TOTAL_AT,TOTAL_PV,TOTAL_EV,TOTAL_AC,EV,Day1,Day2
1.86666666666667,23584,0.10800216150866,25353,14.8458333333333,218366,218366,222021.780029297,23584,42436.3333333333,42492.3333333333
6.1,85441,0.329652967952886,77847,14.8458333333333,218366,218366,222021.780029297,71985,42492.3333333333,42619.3333333333
9.13333333333333,111185,0.509168093934037,115724.780029297,14.8458333333333,218366,218366,222021.780029297,111185,42619.3333333333,42710.3333333333
13.4333333333333,205148,0.939468598591356,208803.780029297,14.8458333333333,218366,218366,222021.780029297,205148,42710.3333333333,42839.3333333333
14.8458333333333,218366,1,222021.780029297,14.8458333333333,218366,218366,222021.780029297,218366,42839.3333333333,42881.7083333333
