AT,PV,XT,AC,TOTAL_AT,TOTAL_PV,TOTAL_EV,TOTAL_AC,EV,Day1,Day2
3.28611111111337,5700,0.0189879294588623,2130,12.6,64620,64620,64125,1227.00000163168,41393.3333333333,41491.9166666667
7.95277777778004,9750,0.0342850505435769,3360,12.6,64620,64620,64125,2215.49996612594,41491.9166666667,41631.9166666667
9.35277777778004,33060,0.218175486221775,11430,12.6,64620,64620,64125,14098.4999196511,41631.9166666667,41673.9166666667
10.2861111111134,51435,0.476740938990949,30525,12.6,64620,64620,64125,30806.9994775951,41673.9166666667,41701.9166666667
11.45277777778,64620,0.909545032758898,60000,12.6,64620,64620,64125,58774.80001688,41701.9166666667,41736.9166666667
12.6,64620,1,64125,12.6,64620,64620,64125,64620,41736.9166666667,41771.3333333333
