AT,PV,XT,AC,TOTAL_AT,TOTAL_PV,TOTAL_EV,TOTAL_AC,EV,Day1,Day2
1.38611111111337,38800,0.0955147647338479,38800,10.3861111111134,219275,219275,382475,20944.0000370145,41418.3333333333,41459.9166666667
4.65277777778004,128050,0.544863050373504,207000,10.3861111111134,219275,219275,382475,119474.84537065,41459.9166666667,41557.9166666667
8.61944444444671,207325,0.862150617668421,335075,10.3861111111134,219275,219275,382475,189048.076689243,41557.9166666667,41676.9166666667
10.3861111111134,219275,1,382475,10.3861111111134,219275,219275,382475,219275,41676.9166666667,41729.9166666667
