AT,PV,XT,AC,TOTAL_AT,TOTAL_PV,TOTAL_EV,TOTAL_AC,EV,Day1,Day2
0.413888888890021,184.999996185302,0.0405928570327304,29047.6799926758,5.51388888889002,341468.114124298,341468.114124298,308343.775537491,13861.1663378837,40651.3333333333,40663.75
1.44722222222335,15318.9201965332,0.216744455761233,84839.0394592285,5.51388888889002,341468.114124298,341468.114124298,308343.775537491,74011.3205556856,40663.75,40694.75
2.44722222222335,62104.6804237366,0.568442330398064,168378.047424316,5.51388888889002,341468.114124298,341468.114124298,308343.775537491,194104.930549448,40694.75,40724.75
3.48055555555669,108659.159357071,1,298833.805810928,5.51388888889002,341468.114124298,341468.114124298,308343.775537491,341468.114124298,40724.75,40755.75
4.51388888889002,203219.475650787,1,298833.805810928,5.51388888889002,341468.114124298,341468.114124298,308343.775537491,341468.114124298,40755.75,40786.75
5.51388888889002,295360.033252716,1,308343.775537491,5.51388888889002,341468.114124298,341468.114124298,308343.775537491,341468.114124298,40786.75,40816.75
