AT,PV,XT,AC,TOTAL_AT,TOTAL_PV,TOTAL_EV,TOTAL_AC,EV,Day1,Day2
2.01388888889002,58945.7991256715,0.079995918573956,27993.2196350098,6.11388888889002,226158.917131424,244205.397407532,203605.969630718,19535.4350863335,41030.3333333333,41090.75
3.04722222222335,77310.5990028382,0.607114313944681,139833.198732376,6.11388888889002,226158.917131424,244205.397407532,203605.969630718,148260.592308662,41090.75,41121.75
4.08055555555669,169889.957274437,0.91311542847893,175005.509996414,6.11388888889002,226158.917131424,244205.397407532,203605.969630718,222987.716090646,41121.75,41152.75
5.08055555555669,184870.437164307,0.978006055473218,202522.539659977,6.11388888889002,226158.917131424,244205.397407532,203605.969630718,238834.35744381,41152.75,41182.75
6.11388888889002,226158.917131424,1,203605.969630718,6.11388888889002,226158.917131424,244205.397407532,203605.969630718,244205.397407532,41182.75,41213.75
