AT,PV,XT,AC,TOTAL_AT,TOTAL_PV,TOTAL_EV,TOTAL_AC,EV,Day1,Day2
1.63333333333333,8318.56988525392,0.153128197338018,8570.56988525392,4.67916666666667,54324.2200317383,54324.2200317383,54996.2200317383,8318.56988525392,42440.3333333333,42489.3333333333
2.66666666666667,21416.7998657227,0.394240356386344,20452.7998657227,4.67916666666667,54324.2200317383,54324.2200317383,54996.2200317383,21416.7998657227,42489.3333333333,42520.3333333333
3.83333333333333,35564.5899047852,0.654672812311102,36327.5899047852,4.67916666666667,54324.2200317383,54324.2200317383,54996.2200317383,35564.5899047852,42520.3333333333,42555.3333333333
4.67916666666667,54324.2200317383,1,54996.2200317383,4.67916666666667,54324.2200317383,54324.2200317383,54996.2200317383,54324.2200317383,42555.3333333333,42580.7083333333
