AT,PV,XT,AC,TOTAL_AT,TOTAL_PV,TOTAL_EV,TOTAL_AC,EV,Day1,Day2
0.4125,91379.109375,0.056892662193658,46883.8799743652,9.84583333333333,818439.991821289,818439.991821289,879853.171112061,46563.2299804688,40429.3333333333,40441.7083333333
2.07916666666667,304535.341796875,0.258257884119328,240403.501434326,9.84583333333333,818439.991821289,818439.991821289,879853.171112061,211368.580566406,40441.7083333333,40491.7083333333
6.5125,818439.991821289,0.629491425518973,548153.897705078,9.84583333333333,818439.991821289,818439.991821289,879853.171112061,515200.95715332,40491.7083333333,40624.7083333333
8.14583333333333,818439.991821289,0.824211305659158,702797.593559265,9.84583333333333,818439.991821289,818439.991821289,879853.171112061,674567.494262695,40624.7083333333,40673.7083333333
9.84583333333333,818439.991821289,1,879853.171112061,9.84583333333333,818439.991821289,818439.991821289,879853.171112061,818439.991821289,40673.7083333333,40724.7083333333
