AT,PV,XT,AC,TOTAL_AT,TOTAL_PV,TOTAL_EV,TOTAL_AC,EV,Day1,Day2
0.719444444446708,10425,0.417291667933265,3960,2.56666666666667,14400,14400,9105,6009.00001823902,41694.3333333333,41715.9166666667
1.65277777778004,13350,0.924375001341104,7935,2.56666666666667,14400,14400,9105,13311.0000193119,41715.9166666667,41743.9166666667
2.56666666666667,14400,1,9105,2.56666666666667,14400,14400,9105,14400,41743.9166666667,41771.3333333333
