AT,PV,XT,AC,TOTAL_AT,TOTAL_PV,TOTAL_EV,TOTAL_AC,EV,Day1,Day2
2.43333333333333,24235,0.1087463766165,25242,13.5458333333333,222858,222858,226285,24235,42437.3333333333,42510.3333333333
6.4,81912,0.368867171023701,83287,13.5458333333333,222858,222858,226285,82205,42510.3333333333,42629.3333333333
8.03333333333333,106175,0.486547487637868,108630,13.5458333333333,222858,222858,226285,108431,42629.3333333333,42678.3333333333
9.36666666666667,122712,0.550628651428264,126191,13.5458333333333,222858,222858,226285,122712,42678.3333333333,42718.3333333333
13.5458333333333,222858,1,226285,13.5458333333333,222858,222858,226285,222858,42718.3333333333,42843.7083333333
