AT,PV,XT,AC,TOTAL_AT,TOTAL_PV,TOTAL_EV,TOTAL_AC,EV,Day1,Day2
1.9,18461,0.192917006290886,20690,5.97916666666667,95694,95694,100763,18461,42436.3333333333,42493.3333333333
3.6,57960,0.605680606934604,58998,5.97916666666667,95694,95694,100763,57960,42493.3333333333,42544.3333333333
5.43333333333333,95494,0.919597884924865,92123,5.97916666666667,95694,95694,100763,88000,42544.3333333333,42599.3333333333
5.97916666666667,95694,1,100763,5.97916666666667,95694,95694,100763,95694,42599.3333333333,42615.7083333333
