AT,PV,XT,AC,TOTAL_AT,TOTAL_PV,TOTAL_EV,TOTAL_AC,EV,Day1,Day2
1.08611111111337,16725,0.167076043846943,5730,6,39450,39450,25380,6591.14992976189,41641.3333333333,41673.9166666667
2.48611111111337,24900,0.408349810104406,12405,6,39450,39450,25380,16109.4000086188,41673.9166666667,41715.9166666667
6,39450,1,25380,6,39450,39450,25380,39450,41715.9166666667,41821.3333333333
