AT,PV,XT,AC,TOTAL_AT,TOTAL_PV,TOTAL_EV,TOTAL_AC,EV,Day1,Day2
0.919444444446708,65625,0.211554649501573,13995,8.6,132570,132570,58410,28045.7998844236,41667.3333333333,41694.9166666667
2.08611111111337,103395,0.69366146426148,47835,8.6,132570,132570,58410,91958.7003171444,41694.9166666667,41729.9166666667
8.6,132570,1,58410,8.6,132570,132570,58410,132570,41729.9166666667,41925.3333333333
