AT,PV,XT,AC,TOTAL_AT,TOTAL_PV,TOTAL_EV,TOTAL_AC,EV,Day1,Day2
1.26666666666667,526935.71484375,0.265752292863445,348020.9453125,4.44583333333333,1319736.29101562,1319736.29101562,1353361.29101562,350722.9453125,42450.3333333333,42488.3333333333
2.63333333333333,836080.915527344,0.500000000369986,656604.145996094,4.44583333333333,1319736.29101562,1319736.29101562,1353361.29101562,659868.145996094,42488.3333333333,42529.3333333333
4,1319736.29101562,0.734247707876527,984866.346679688,4.44583333333333,1319736.29101562,1319736.29101562,1353361.29101562,969013.346679688,42529.3333333333,42570.3333333333
4.44583333333333,1319736.29101562,1,1353361.29101562,4.44583333333333,1319736.29101562,1319736.29101562,1353361.29101562,1319736.29101562,42570.3333333333,42583.7083333333
