AT,PV,XT,AC,TOTAL_AT,TOTAL_PV,TOTAL_EV,TOTAL_AC,EV,Day1,Day2
1.63333333333333,8857.68005371095,0.157658469645108,9128.68005371095,4.67916666666667,56182.7098388672,56182.7098388672,56645.7098388672,8857.68005371095,42440.3333333333,42489.3333333333
2.66666666666667,22656.2401123047,0.403260009659255,21595.2401123047,4.67916666666667,56182.7098388672,56182.7098388672,56645.7098388672,22656.2401123047,42489.3333333333,42520.3333333333
3.83333333333333,36537.7899169922,0.650338689995251,37093.7899169922,4.67916666666667,56182.7098388672,56182.7098388672,56645.7098388672,36537.7899169922,42520.3333333333,42555.3333333333
4.67916666666667,56182.7098388672,1,56645.7098388672,4.67916666666667,56182.7098388672,56182.7098388672,56645.7098388672,56182.7098388672,42555.3333333333,42580.7083333333
