AT,PV,XT,AC,TOTAL_AT,TOTAL_PV,TOTAL_EV,TOTAL_AC,EV,Day1,Day2
1.54583333333333,1131434.79492188,0.410772930613049,1037105.19287109,6.07916666666667,2524765.18554688,2524765.18554688,2563675.86425781,1037105.19437689,41288.3333333333,41334.7083333333
2.94583333333333,1705011.1895752,0.636067228411975,1593639.65417481,6.07916666666667,2524765.18554688,2524765.18554688,2563675.86425781,1605920.39396185,41334.7083333333,41376.7083333333
4.34583333333333,2335722.38708496,0.820392472252038,2070923.06616211,6.07916666666667,2524765.18554688,2524765.18554688,2563675.86425781,2071298.35242668,41376.7083333333,41418.7083333333
5.83472222222335,2524765.18554688,0.946594988281893,2428840.74841309,6.07916666666667,2524765.18554688,2524765.18554688,2563675.86425781,2389930.07122728,41418.7083333333,41463.375
6.07916666666667,2524765.18554688,1,2563675.86425781,6.07916666666667,2524765.18554688,2524765.18554688,2563675.86425781,2524765.18554688,41463.375,41470.7083333333
