AT,PV,XT,AC,TOTAL_AT,TOTAL_PV,TOTAL_EV,TOTAL_AC,EV,Day1,Day2
1.63333333333333,8362.46978759766,0.153213985303747,9795.46978759766,4.2125,54580.3294067383,54580.3294067383,56748.3294067383,8362.46978759766,42440.3333333333,42489.3333333333
2.66666666666667,22035.8396606445,0.403732258492453,21623.8396606445,4.2125,54580.3294067383,54580.3294067383,56748.3294067383,22035.8396606445,42489.3333333333,42520.3333333333
3.83333333333333,35655.3594360352,0.653263910709071,36361.3594360352,4.2125,54580.3294067383,54580.3294067383,56748.3294067383,35655.3594360352,42520.3333333333,42555.3333333333
4.2125,54580.3294067383,1,56748.3294067383,4.2125,54580.3294067383,54580.3294067383,56748.3294067383,54580.3294067383,42555.3333333333,42566.7083333333
