AT,PV,XT,AC,TOTAL_AT,TOTAL_PV,TOTAL_EV,TOTAL_AC,EV,Day1,Day2
1.44583333333333,66790.8004760742,0.0333153353679136,60167.1203002929,12.9125,2244090.73960693,2237845.53941162,1868796.28351921,74554.5746470877,41211.3333333333,41254.7083333333
2.9125,463759.68170166,0.0459309982494359,77307.9198608398,12.9125,2244090.73960693,2237845.53941162,1868796.28351921,102786.479553223,41254.7083333333,41298.7083333333
4.44583333333333,723746.9831958,0.273386466798668,375237.681608871,12.9125,2244090.73960693,2237845.53941162,1868796.28351921,611796.685260902,41298.7083333333,41344.7083333333
5.9125,988580.705812987,0.428621188899597,611809.523405746,12.9125,2244090.73960693,2237845.53941162,1868796.28351921,959188.015676269,41344.7083333333,41388.7083333333
7.34583333333333,1407361.60740478,0.48707899933414,795003.711992145,12.9125,2244090.73960693,2237845.53941162,1868796.28351921,1090007.56600098,41388.7083333333,41431.7083333333
8.77916666666667,1550527.84986694,0.652421407725549,1221194.35126823,12.9125,2244090.73960693,2237845.53941162,1868796.28351921,1460018.33709527,41431.7083333333,41474.7083333333
10.3125,1839603.05140503,0.8409505212191,1519412.27662224,12.9125,2244090.73960693,2237845.53941162,1868796.28351921,1881917.37277604,41474.7083333333,41520.7083333333
11.7791666666667,2241863.53953369,0.972317048546122,1823813.56208366,12.9125,2244090.73960693,2237845.53941162,1868796.28351921,2175895.36998281,41520.7083333333,41564.7083333333
12.9125,2244090.73960693,1,1868796.28351921,12.9125,2244090.73960693,2237845.53941162,1868796.28351921,2237845.53941162,41564.7083333333,41598.7083333333
