AT,PV,XT,AC,TOTAL_AT,TOTAL_PV,TOTAL_EV,TOTAL_AC,EV,Day1,Day2
3.51944444444671,8355,0.0369477913860817,1050,7.03333333333333,29430,29880,17400,1104.00000661612,41561.3333333333,41666.9166666667
4.68611111111338,15405,0.298509036082341,7605,7.03333333333333,29430,29880,17400,8919.44999814034,41666.9166666667,41701.9166666667
5.85277777778004,26730,0.584483230209732,14475,7.03333333333333,29430,29880,17400,17464.3589186668,41701.9166666667,41736.9166666667
7.03333333333333,29430,1,17400,7.03333333333333,29430,29880,17400,29880,41736.9166666667,41772.3333333333
