AT,PV,XT,AC,TOTAL_AT,TOTAL_PV,TOTAL_EV,TOTAL_AC,EV,Day1,Day2
1.55277777778004,1500,0.0766417405521845,2340,10.8680555555567,44130,44130,36870,3382.2000105679,41445.3333333333,41491.9166666667
3.65277777778004,12075,0.175543844917654,5325,10.8680555555567,44130,44130,36870,7746.74987621606,41491.9166666667,41554.9166666667
5.75277777778004,23355,0.291352814366062,8940,10.8680555555567,44130,44130,36870,12857.3996979743,41554.9166666667,41617.9166666667
7.85277777778004,37305,0.659802843946368,20805,10.8680555555567,44130,44130,36870,29117.0995033532,41617.9166666667,41680.9166666667
9.25277777778004,42930,0.885734189253612,32790,10.8680555555567,44130,44130,36870,39087.4497717619,41680.9166666667,41722.9166666667
10.8680555555567,43080,1,36870,10.8680555555567,44130,44130,36870,44130,41722.9166666667,41771.375
