AT,PV,XT,AC,TOTAL_AT,TOTAL_PV,TOTAL_EV,TOTAL_AC,EV,Day1,Day2
1.4,8068.52001953126,0.157848733486872,10544.5200195313,4.21111111111337,51115.51953125,51115.51953125,60829.51953125,8068.52001953126,42440.3333333333,42482.3333333333
2.66666666666667,20841.8298339844,0.407739763287401,25989.8298339844,4.21111111111337,51115.51953125,51115.51953125,60829.51953125,20841.8298339844,42482.3333333333,42520.3333333333
3.83333333333333,34038.4697265625,0.665912623772761,41815.4697265625,4.21111111111337,51115.51953125,51115.51953125,60829.51953125,34038.4697265625,42520.3333333333,42555.3333333333
4.21111111111337,51115.51953125,1,60829.51953125,4.21111111111337,51115.51953125,51115.51953125,60829.51953125,51115.51953125,42555.3333333333,42566.6666666667
