AT,PV,XT,AC,TOTAL_AT,TOTAL_PV,TOTAL_EV,TOTAL_AC,EV,Day1,Day2
4.91944444444671,344534.128399999,0.564636697452637,300587.056050171,7.28611111111337,458112.368399999,458112.368399999,512546.14605017,258667.054755581,41571.3333333333,41718.9166666667
6.31944444444671,435700.328399999,0.776869468759964,411441.676050171,7.28611111111337,458112.368399999,458112.368399999,512546.14605017,355893.512271276,41718.9166666667,41760.9166666667
6.51944444444671,441361.448399999,0.822728500340252,426824.666050171,7.28611111111337,458112.368399999,458112.368399999,512546.14605017,376902.101841052,41760.9166666667,41766.9166666667
6.98611111111338,458112.368399999,0.924300960462568,475424.136050171,7.28611111111337,458112.368399999,458112.368399999,512546.14605017,423433.702111901,41766.9166666667,41780.9166666667
7.28611111111337,458112.368399999,1,512546.14605017,7.28611111111337,458112.368399999,458112.368399999,512546.14605017,458112.368399999,41780.9166666667,41789.9166666667
