AT,PV,XT,AC,TOTAL_AT,TOTAL_PV,TOTAL_EV,TOTAL_AC,EV,Day1,Day2
2.13333333333333,674943.5625,0.260398322196791,465147.2734375,6.84583333333333,1797873.6171875,1797873.6171875,1860330.6171875,468163.2734375,42450.3333333333,42514.3333333333
3.96666666666667,1048441.4375,0.458141360855788,845599.265625,6.84583333333333,1797873.6171875,1797873.6171875,1860330.6171875,823680.265625,42514.3333333333,42569.3333333333
5.4,1635939.2265625,0.673079434640982,1252692.7578125,6.84583333333333,1797873.6171875,1797873.6171875,1860330.6171875,1210111.7578125,42569.3333333333,42612.3333333333
6.84583333333333,1797873.6171875,1,1860330.6171875,6.84583333333333,1797873.6171875,1797873.6171875,1860330.6171875,1797873.6171875,42612.3333333333,42655.7083333333
