AT,PV,XT,AC,TOTAL_AT,TOTAL_PV,TOTAL_EV,TOTAL_AC,EV,Day1,Day2
2.45277777778004,11490,0.00836797776855286,3150,11.0861111111134,281430,281430,281070,2354.99998340383,41383.3333333333,41456.9166666667
4.55277777778004,64230,0.0893721370404321,25110,11.0861111111134,281430,281430,281070,25152.0005272888,41456.9166666667,41519.9166666667
6.65277777778004,166680,0.385677930015293,107580,11.0861111111134,281430,281430,281070,108541.339844204,41519.9166666667,41582.9166666667
8.76805555555669,273030,0.782999323373436,226785,11.0861111111134,281430,281430,281070,220359.499576986,41582.9166666667,41646.375
11.0861111111134,281430,1,281070,11.0861111111134,281430,281430,281070,281430,41646.375,41715.9166666667
