AT,PV,XT,AC,TOTAL_AT,TOTAL_PV,TOTAL_EV,TOTAL_AC,EV,Day1,Day2
1.63333333333333,8620.2200317383,0.164939787401256,8869.2200317383,4.67916666666667,52262.8297729493,52262.8297729493,53176.8297729493,8620.2200317383,42440.3333333333,42489.3333333333
2.66666666666667,21050.2600708008,0.402776890617128,20331.2600708008,4.67916666666667,52262.8297729493,52262.8297729493,53176.8297729493,21050.2600708008,42489.3333333333,42520.3333333333
3.83333333333333,33941.3698120118,0.649436128113742,34816.3698120118,4.67916666666667,52262.8297729493,52262.8297729493,53176.8297729493,33941.3698120118,42520.3333333333,42555.3333333333
4.67916666666667,52262.8297729493,1,53176.8297729493,4.67916666666667,52262.8297729493,52262.8297729493,53176.8297729493,52262.8297729493,42555.3333333333,42580.7083333333
