AT,PV,XT,AC,TOTAL_AT,TOTAL_PV,TOTAL_EV,TOTAL_AC,EV,Day1,Day2
1.23333333333333,137410,0.182045368374527,90202,4.47916666666667,477381,477381,496991,86905,42450.3333333333,42487.3333333333
2.63333333333333,244553,0.429667288811243,213819,4.47916666666667,477381,477381,496991,205115,42487.3333333333,42529.3333333333
3.33333333333333,364224,0.512280547403437,255720,4.47916666666667,477381,477381,496991,244553,42529.3333333333,42550.3333333333
4.47916666666667,477381,1,496991,4.47916666666667,477381,477381,496991,477381,42550.3333333333,42584.7083333333
