AT,PV,XT,AC,TOTAL_AT,TOTAL_PV,TOTAL_EV,TOTAL_AC,EV,Day1,Day2
1.16666666666667,108303.438110352,0.0880321950345706,64229.9754638672,9.77777777778004,612769.439880371,612769.439880371,646473.646022796,53943.4388427734,40429.3333333333,40464.3333333333
2.34444444444671,210788.290100098,0.217129536418551,162225.925689697,9.77777777778004,612769.439880371,612769.439880371,646473.646022796,133050.34441268,40464.3333333333,40499.6666666667
3.51111111111337,364851.592041015,0.264581143549511,206085.824157715,9.77777777778004,612769.439880371,612769.439880371,646473.646022796,162127.239135742,40499.6666666667,40534.6666666667
4.67777777778004,467509.749881744,0.344996382576743,249017.904724121,9.77777777778004,612769.439880371,612769.439880371,646473.646022796,211403.240112305,40534.6666666667,40569.6666666667
5.84444444444671,600900.459921837,0.455105007232567,313663.204833984,9.77777777778004,612769.439880371,612769.439880371,646473.646022796,278874.440368652,40569.6666666667,40604.6666666667
7.01111111111338,612769.439880371,0.575040495556365,428397.026855469,9.77777777778004,612769.439880371,612769.439880371,646473.646022796,352367.242370605,40604.6666666667,40639.6666666667
8.17777777778004,612769.439880371,0.809860865252773,528318.215430259,9.77777777778004,612769.439880371,612769.439880371,646473.646022796,496257.988781974,40639.6666666667,40674.6666666667
9.34444444444671,612769.439880371,0.946844622404559,605852.88476181,9.77777777778004,612769.439880371,612769.439880371,646473.646022796,580197.448924583,40674.6666666667,40709.6666666667
9.77777777778004,612769.439880371,1,646473.646022796,9.77777777778004,612769.439880371,612769.439880371,646473.646022796,612769.439880371,40709.6666666667,40722.6666666667
