AT,PV,XT,AC,TOTAL_AT,TOTAL_PV,TOTAL_EV,TOTAL_AC,EV,Day1,Day2
1.4,9153.98999023438,0.167339297224181,11980.9899902344,3.97916666666667,54703.1697998047,54703.1697998047,64580.1697998047,9153.98999023438,42440.3333333333,42482.3333333333
2.43333333333333,22305.0499267578,0.407746936939611,27991.0499267578,3.97916666666667,54703.1697998047,54703.1697998047,64580.1697998047,22305.0499267578,42482.3333333333,42513.3333333333
3.6,35324.5399169922,0.645749415367852,43209.5399169922,3.97916666666667,54703.1697998047,54703.1697998047,64580.1697998047,35324.5399169922,42513.3333333333,42548.3333333333
3.97916666666667,54703.1697998047,1,64580.1697998047,3.97916666666667,54703.1697998047,54703.1697998047,64580.1697998047,54703.1697998047,42548.3333333333,42559.7083333333
