AT,PV,XT,AC,TOTAL_AT,TOTAL_PV,TOTAL_EV,TOTAL_AC,EV,Day1,Day2
0.9125,50238.8990478516,0.0333810724484143,31927.879272461,7.04583333333333,1069532.41540527,1069532.41540527,1314584.5814743,35702.1390445709,39114.3333333333,39141.7083333333
1.94583333333333,250546.598388672,0.245571805411991,228566.256958008,7.04583333333333,1069532.41540527,1069532.41540527,1314584.5814743,262647.00619772,39141.7083333333,39172.7083333333
2.94583333333333,483775.94744873,0.420948088931907,524633.157287598,7.04583333333333,1069532.41540527,1069532.41540527,1314584.5814743,450217.626315575,39172.7083333333,39202.7083333333
3.97916666666667,609219.997436523,0.563344494014878,764311.585021973,7.04583333333333,1069532.41540527,1069532.41540527,1314584.5814743,602515.197388992,39202.7083333333,39233.7083333333
4.97916666666667,735852.477172851,0.676621620121979,918901.824394226,7.04583333333333,1069532.41540527,1069532.41540527,1314584.5814743,723668.755684487,39233.7083333333,39263.7083333333
7.04583333333333,1069532.41540527,1,1314584.5814743,7.04583333333333,1069532.41540527,1069532.41540527,1314584.5814743,1069532.41540527,39263.7083333333,39325.7083333333
