AT,PV,XT,AC,TOTAL_AT,TOTAL_PV,TOTAL_EV,TOTAL_AC,EV,Day1,Day2
1.63333333333333,8126.82012939454,0.158460050856593,9505.82012939453,4.2125,51286.2395629883,51286.2395629883,53319.2395629883,8126.82012939454,42440.3333333333,42489.3333333333
2.66666666666667,20387.3300170899,0.397520469248886,20056.3300170899,4.2125,51286.2395629883,51286.2395629883,53319.2395629883,20387.3300170899,42489.3333333333,42520.3333333333
3.83333333333333,33416.8399047852,0.651575163036541,34075.8399047852,4.2125,51286.2395629883,51286.2395629883,53319.2395629883,33416.8399047852,42520.3333333333,42555.3333333333
4.2125,51286.2395629883,1,53319.2395629883,4.2125,51286.2395629883,51286.2395629883,53319.2395629883,51286.2395629883,42555.3333333333,42566.7083333333
