AT,PV,XT,AC,TOTAL_AT,TOTAL_PV,TOTAL_EV,TOTAL_AC,EV,Day1,Day2
0.766666666666667,109197,0.127836772092871,68380,5.4125,488936,488936,498473,62504,42450.3333333333,42473.3333333333
2.4,232412,0.451887363581328,226645,5.4125,488936,488936,498473,220944,42473.3333333333,42522.3333333333
4.26666666666667,488936,0.794075298198537,393895,5.4125,488936,488936,498473,388252,42522.3333333333,42578.3333333333
5.4125,488936,1,498473,5.4125,488936,488936,498473,488936,42578.3333333333,42612.7083333333
