AT,PV,XT,AC,TOTAL_AT,TOTAL_PV,TOTAL_EV,TOTAL_AC,EV,Day1,Day2
0.145833333333333,200000,0.0727024745854185,200000,9.94583333333333,2750937.99957275,2750937.99957275,2590796.72607422,200000,41330.3333333333,41334.7083333333
1.54444444444671,1213794.96310425,0.463525245766844,1273343.41229248,9.94583333333333,2750937.99957275,2750937.99957275,2590796.72607422,1275129.21234131,41334.7083333333,41376.6666666667
2.94583333333333,1569680.40863037,0.570598250078394,1586644.60858154,9.94583333333333,2750937.99957275,2750937.99957275,2590796.72607422,1569680.40863037,41376.6666666667,41418.7083333333
4.34583333333333,2065219.60845947,0.587362277229705,1653249.00811768,9.94583333333333,2750937.99957275,2750937.99957275,2590796.72607422,1615797.20794678,41418.7083333333,41460.7083333333
5.74583333333333,2333750.80718994,0.587362277229705,1653249.00811768,9.94583333333333,2750937.99957275,2750937.99957275,2590796.72607422,1615797.20794678,41460.7083333333,41502.7083333333
7.13472222222335,2680927.74163818,0.685114244108451,2010887.8081665,9.94583333333333,2750937.99957275,2750937.99957275,2590796.72607422,1884706.8081665,41502.7083333333,41544.375
8.54583333333333,2750937.99957275,0.850619391619876,2395422.07720947,9.94583333333333,2750937.99957275,2750937.99957275,2590796.72607422,2340001.20758057,41544.375,41586.7083333333
9.94583333333333,2750937.99957275,1,2590796.72607422,9.94583333333333,2750937.99957275,2750937.99957275,2590796.72607422,2750937.99957275,41586.7083333333,41628.7083333333
