AT,PV,XT,AC,TOTAL_AT,TOTAL_PV,TOTAL_EV,TOTAL_AC,EV,Day1,Day2
0.979166666666667,248106.177257538,0.132358814538011,248407.847255707,15.7458333333333,1874496.82253265,1874496.82253265,1887087.25276184,248106.17728569,40330.3333333333,40359.7083333333
3.04583333333333,320743.349075317,0.171109038612559,321118.299064636,15.7458333333333,1874496.82253265,1874496.82253265,1887087.25276184,320743.349185858,40359.7083333333,40421.7083333333
6.07916666666667,466390.859573364,0.248808562188757,469436.129631042,15.7458333333333,1874496.82253265,1874496.82253265,1887087.25276184,466390.859241743,40421.7083333333,40512.7083333333
7.57916666666667,793393.74079895,0.426472347874815,804965.54107666,15.7458333333333,1874496.82253265,1874496.82253265,1887087.25276184,799421.06098938,40512.7083333333,40557.7083333333
10.0694444444467,1300753.6924057,0.687072226616189,1295290.94242859,15.7458333333333,1874496.82253265,1874496.82253265,1887087.25276184,1287914.70564248,40557.7083333333,40632.4166666667
11.8791666666667,1541144.22557831,0.822164224048166,1553531.65580749,15.7458333333333,1874496.82253265,1874496.82253265,1887087.25276184,1541144.22557831,40632.4166666667,40686.7083333333
12.8791666666667,1679121.79589081,0.895772015031817,1691509.22611999,15.7458333333333,1874496.82253265,1874496.82253265,1887087.25276184,1679121.79589081,40686.7083333333,40716.7083333333
15.7458333333333,1874496.82253265,1,1887087.25276184,15.7458333333333,1874496.82253265,1874496.82253265,1887087.25276184,1874496.82253265,40716.7083333333,40802.7083333333
