AT,PV,XT,AC,TOTAL_AT,TOTAL_PV,TOTAL_EV,TOTAL_AC,EV,Day1,Day2
0.933333333333333,246463.353515625,0.30423508759925,171688.873046875,3.6125,569177.849975586,569177.849975586,586086.849975586,173163.873046875,42450.3333333333,42478.3333333333
2.36666666666667,485547.568359375,0.833189289942004,482824.888671875,3.6125,569177.849975586,569177.849975586,586086.849975586,474232.888671875,42478.3333333333,42521.3333333333
2.86666666666667,567702.020019531,0.85911840820581,497191.168457031,3.6125,569177.849975586,569177.849975586,586086.849975586,488991.168457031,42521.3333333333,42536.3333333333
3.6125,569177.849975586,1,586086.849975586,3.6125,569177.849975586,569177.849975586,586086.849975586,569177.849975586,42536.3333333333,42558.7083333333
