AT,PV,XT,AC,TOTAL_AT,TOTAL_PV,TOTAL_EV,TOTAL_AC,EV,Day1,Day2
1.4,8584.88024902344,0.16502631661589,8828.88024902344,4.2125,52021.2801513672,52021.2801513672,53783.2801513672,8584.88024902344,42440.3333333333,42482.3333333333
2.66666666666667,21928.8902587891,0.421536920948163,21873.8902587891,4.2125,52021.2801513672,52021.2801513672,53783.2801513672,21928.8902587891,42482.3333333333,42520.3333333333
3.83333333333333,34313.7202148438,0.659609300559321,35946.7202148438,4.2125,52021.2801513672,52021.2801513672,53783.2801513672,34313.7202148438,42520.3333333333,42555.3333333333
4.2125,52021.2801513672,1,53783.2801513672,4.2125,52021.2801513672,52021.2801513672,53783.2801513672,52021.2801513672,42555.3333333333,42566.7083333333
