AT,PV,XT,AC,TOTAL_AT,TOTAL_PV,TOTAL_EV,TOTAL_AC,EV,Day1,Day2
2.08611111111337,4545,0.0368651486737507,600,5.8,34260,34260,18285,1262.9999935627,41597.3333333333,41659.9166666667
3.25277777778004,8520,0.159106828572454,4875,5.8,34260,34260,18285,5450.99994689226,41659.9166666667,41694.9166666667
4.41944444444671,26655,0.645801221165683,14715,5.8,34260,34260,18285,22125.1498371363,41694.9166666667,41729.9166666667
5.8,34185,1,18285,5.8,34260,34260,18285,34260,41729.9166666667,41771.3333333333
