AT,PV,XT,AC,TOTAL_AT,TOTAL_PV,TOTAL_EV,TOTAL_AC,EV,Day1,Day2
0.586111111113375,6900,0.40666666932595,3600,2.66805555555669,10650,11700,7035,4758.00003111362,41691.3333333333,41708.9166666667
1.51944444444671,10500,0.877435898169496,5385,2.66805555555669,10650,11700,7035,10266.0000085831,41708.9166666667,41736.9166666667
2.66805555555669,10650,1,7035,2.66805555555669,10650,11700,7035,11700,41736.9166666667,41771.375
