AT,PV,XT,AC,TOTAL_AT,TOTAL_PV,TOTAL_EV,TOTAL_AC,EV,Day1,Day2
0.866666666666667,78451.2011718751,0.0689205552975468,42494.4006347657,9.03333333333333,584951.768859863,584951.768859863,1425155.96141052,40315.200732104,41374.3333333333,41400.3333333333
1.8,148730.40222168,0.265464252229734,326880.004882813,9.03333333333333,584951.768859863,584951.768859863,1425155.96141052,155283.783910844,41400.3333333333,41428.3333333333
2.73333333333333,210183.843139649,0.466825345588257,728370.370880127,9.03333333333333,584951.768859863,584951.768859863,1425155.96141052,273070.311650468,41428.3333333333,41456.3333333333
3.9,313804.8046875,0.611677688344149,1116295.21667481,9.03333333333333,584951.768859863,584951.768859863,1425155.96141052,357801.945769022,41456.3333333333,41491.3333333333
4.83333333333333,395851.685913086,0.696349621040164,1183428.19767761,9.03333333333333,584951.768859863,584951.768859863,1425155.96141052,407330.942572339,41491.3333333333,41519.3333333333
6,480186.727172852,0.848002235100936,1288520.11924744,9.03333333333333,584951.768859863,584951.768859863,1425155.96141052,496040.40741941,41519.3333333333,41554.3333333333
6.93333333333333,525623.047973633,0.938902859128481,1401947.48094177,9.03333333333333,584951.768859863,584951.768859863,1425155.96141052,549212.888234788,41554.3333333333,41582.3333333333
7.86666666666667,555532.56842041,1,1425155.96141052,9.03333333333333,584951.768859863,584951.768859863,1425155.96141052,584951.768859863,41582.3333333333,41610.3333333333
9.03333333333333,584298.008850098,1,1425155.96141052,9.03333333333333,584951.768859863,584951.768859863,1425155.96141052,584951.768859863,41610.3333333333,41645.3333333333
