AT,PV,XT,AC,TOTAL_AT,TOTAL_PV,TOTAL_EV,TOTAL_AC,EV,Day1,Day2
2.1,65089,0.128345545071096,49705,15.3791666666667,367952,367952,379300,47225,42437.3333333333,42500.3333333333
7.26666666666667,178889,0.381131234508849,134473,15.3791666666667,367952,367952,379300,140238,42500.3333333333,42655.3333333333
9.86666666666667,218500,0.503535787276601,181871,15.3791666666667,367952,367952,379300,185277,42655.3333333333,42733.3333333333
14.7,367952,0.851480627907988,324716,15.3791666666667,367952,367952,379300,313304,42733.3333333333,42878.3333333333
15.3791666666667,367952,1,379300,15.3791666666667,367952,367952,379300,367952,42878.3333333333,42898.7083333333
