AT,PV,XT,AC,TOTAL_AT,TOTAL_PV,TOTAL_EV,TOTAL_AC,EV,Day1,Day2
0.152777777780041,475,0.392561983471074,745,0.519444444446708,1210,1210,1780,475,41736.3333333333,41740.9166666667
0.386111111113375,1025,0.847107438016529,1595,0.519444444446708,1210,1210,1780,1025,41740.9166666667,41747.9166666667
0.519444444446708,1210,1,1780,0.519444444446708,1210,1210,1780,1210,41747.9166666667,41751.9166666667
