AT,PV,XT,AC,TOTAL_AT,TOTAL_PV,TOTAL_EV,TOTAL_AC,EV,Day1,Day2
0.266666666666667,115632.6796875,0.0248813065034476,18869,4.04583333333333,813663.060546875,813663.060546875,879701.060546875,20245,42450.3333333333,42458.3333333333
1.43333333333333,356332.810546875,0.319607434921637,281671.763671875,4.04583333333333,813663.060546875,813663.060546875,879701.060546875,260052.763671875,42458.3333333333,42493.3333333333
3.4,813663.060546875,0.763341708980155,654818.951171875,4.04583333333333,813663.060546875,813663.060546875,879701.060546875,621102.951171875,42493.3333333333,42552.3333333333
4.04583333333333,813663.060546875,1,879701.060546875,4.04583333333333,813663.060546875,813663.060546875,879701.060546875,813663.060546875,42552.3333333333,42571.7083333333
