AT,PV,XT,AC,TOTAL_AT,TOTAL_PV,TOTAL_EV,TOTAL_AC,EV,Day1,Day2
1.74583333333333,309448,0.0618841258619093,531720,16.7125,5999600,5999600,5414544,371280.001521111,41323.3333333333,41375.7083333333
3.57916666666667,794376,0.144441629716162,1048832,16.7125,5999600,5999600,5414544,866592.001645088,41375.7083333333,41430.7083333333
5.4125,2104416,0.375561036933731,2435456,16.7125,5999600,5999600,5414544,2253215.99718761,41430.7083333333,41485.7083333333
7.24583333333333,3513608,0.566411309624122,3465320,16.7125,5999600,5999600,5414544,3398241.29322088,41485.7083333333,41540.7083333333
9.0125,4524912,0.582770851390093,3535832,16.7125,5999600,5999600,5414544,3496392,41540.7083333333,41593.7083333333
10.8458333333333,5209720,0.582770851390093,3535832,16.7125,5999600,5999600,5414544,3496392,41593.7083333333,41648.7083333333
12.6791666666667,5746416,0.830187345856912,4747840,16.7125,5999600,5999600,5414544,4980792.00020313,41648.7083333333,41703.7083333333
14.5125,5999600,0.980478698579905,5391120,16.7125,5999600,5999600,5414544,5882480,41703.7083333333,41758.7083333333
16.7125,5999600,1,5414544,16.7125,5999600,5999600,5414544,5999600,41758.7083333333,41824.7083333333
