AT,PV,XT,AC,TOTAL_AT,TOTAL_PV,TOTAL_EV,TOTAL_AC,EV,Day1,Day2
1.4,9025.56994628907,0.165370838313761,11810.5699462891,4.17916666666667,54577.760131836,54577.760131836,64526.760131836,9025.56994628907,42440.3333333333,42482.3333333333
2.56666666666667,22077.0399169922,0.404506155321576,27705.0399169922,4.17916666666667,54577.760131836,54577.760131836,64526.760131836,22077.0399169922,42482.3333333333,42517.3333333333
3.73333333333333,35457.0399169922,0.64966095771141,43422.0399169922,4.17916666666667,54577.760131836,54577.760131836,64526.760131836,35457.0399169922,42517.3333333333,42552.3333333333
4.17916666666667,54577.760131836,1,64526.760131836,4.17916666666667,54577.760131836,54577.760131836,64526.760131836,54577.760131836,42552.3333333333,42565.7083333333
