AT,PV,XT,AC,TOTAL_AT,TOTAL_PV,TOTAL_EV,TOTAL_AC,EV,Day1,Day2
2.35277777778004,2925,0.0495524296675192,2325,5.6,46920,46920,32805,2325,41603.3333333333,41673.9166666667
3.51944444444671,23895,0.348996163796053,10845,5.6,46920,46920,32805,16374.9000053108,41673.9166666667,41708.9166666667
4.45277777778004,45270,0.905035167608572,27210,5.6,46920,46920,32805,42464.2500641942,41708.9166666667,41736.9166666667
5.6,46020,1,32805,5.6,46920,46920,32805,46920,41736.9166666667,41771.3333333333
