AT,PV,XT,AC,TOTAL_AT,TOTAL_PV,TOTAL_EV,TOTAL_AC,EV,Day1,Day2
2.77916666666667,309979.34765625,0.0542477387796684,26568.125,12.9111111111134,511325.859741211,511325.859741211,440394.159631348,27738.2716705306,41372.3333333333,41455.7083333333
3.81111111111337,321361.34765625,0.27801011519488,138211.1171875,12.9111111111134,511325.859741211,511325.859741211,440394.159631348,142153.761168775,41455.7083333333,41486.6666666667
5.84444444444671,491658.345214844,0.413018372032532,234732.32849121,12.9111111111134,511325.859741211,511325.859741211,440394.159631348,211186.97416845,41486.6666666667,41547.6666666667
6.87777777778004,511325.859741211,0.482245339614229,288477.416992187,12.9111111111134,511325.859741211,511325.859741211,440394.159631348,246584.512884438,41547.6666666667,41578.6666666667
7.87777777778004,511325.859741211,0.594663060861073,395246.772338867,12.9111111111134,511325.859741211,511325.859741211,440394.159631348,304066.600851128,41578.6666666667,41608.6666666667
8.91111111111337,511325.859741211,0.914588029230302,410601.819396973,12.9111111111134,511325.859741211,511325.859741211,440394.159631348,467652.510355204,41608.6666666667,41639.6666666667
12.9111111111134,511325.859741211,1,440394.159631348,12.9111111111134,511325.859741211,511325.859741211,440394.159631348,511325.859741211,41639.6666666667,41759.6666666667
