AT,PV,XT,AC,TOTAL_AT,TOTAL_PV,TOTAL_EV,TOTAL_AC,EV,Day1,Day2
0.968055555556687,11738.7401877642,0.193541246774376,143782.345123291,10.0791666666667,1118496.59265041,1118496.59265041,955929.224298,216475.225054452,40392.3333333333,40421.375
1.97777777778004,224775.497226506,0.377032127303222,443907.193016052,10.0791666666667,1118496.59265041,1118496.59265041,955929.224298,421709.14970839,40421.375,40451.6666666667
3.01111111111337,430041.214016438,0.559991919851285,665786.71975708,10.0791666666667,1118496.59265041,1118496.59265041,955929.224298,626349.054265424,40451.6666666667,40482.6666666667
4.01111111111338,687166.709328681,0.737932905286124,751640.36618042,10.0791666666667,1118496.59265041,1118496.59265041,955929.224298,825375.440167147,40482.6666666667,40512.6666666667
5.04583333333333,906873.306612968,0.978969913945699,940069.914260864,10.0791666666667,1118496.59265041,1118496.59265041,955929.224298,1094974.51305553,40512.6666666667,40543.7083333333
7.0125,1074272.11184978,0.985824400850691,944444.914299011,10.0791666666667,1118496.59265041,1118496.59265041,955929.224298,1102641.23330313,40543.7083333333,40602.7083333333
8.04583333333333,1109301.63249493,0.988758624973872,945556.344291687,10.0791666666667,1118496.59265041,1118496.59265041,955929.224298,1105923.15298698,40602.7083333333,40633.7083333333
9.04583333333333,1117058.59263897,0.990946204260763,947112.034337044,10.0791666666667,1118496.59265041,1118496.59265041,955929.224298,1108369.95296552,40633.7083333333,40663.7083333333
10.0791666666667,1117403.71264172,1,955929.224298,10.0791666666667,1118496.59265041,1118496.59265041,955929.224298,1118496.59265041,40663.7083333333,40694.7083333333
